gato1;gato1;gato1;gato1;gato1;gato1;gato1;gato1
gato2;gato2;gato2;gato2;gato2;gato2;gato2;gato2
gato3;gato3;gato3;gato3;gato3;gato3;gato3;gato3
gato4;gato4;gato4;gato4;gato4;gato4;gato4;gato4
gato5;gato5;gato5;gato5;gato5;gato5;gato5;gato5
gato6;gato6;gato6;gato6;gato6;gato6;gato6;gato6
gato7;gato7;gato7;gato7;gato7;gato7;gato7;gato7
gato8;gato8;gato8;gato8;gato8;gato8;gato8;gato8
gato9;gato9;gato9;gato9;gato9;gato9;gato9;gato9
gato10;gato10;gato10;gato10;gato10;gato10;gato10;gato10
gato11;gato11;gato11;gato11;gato11;gato11;gato11;gato11
gato12;gato12;gato12;gato12;gato12;gato12;gato12;gato12
gato13;gato13;gato13;gato13;gato13;gato13;gato13;gato13
gato14;gato14;gato14;gato14;gato14;gato14;gato14;gato14
gato15;gato15;gato15;gato15;gato15;gato15;gato15;gato15
gato16;gato16;gato16;gato16;gato16;gato16;gato16;gato16
